Template ID,MAE,RMSE
1-6,0.7279274638091803,1.0991151878098997
1-10,0.7276603423386264,1.0995694145912938
mean,0.7277939030739033,1.0993423012005967
min,0.7276603423386264,1.0991151878098997
