Template ID,MAE,RMSE
1-6,0.7248351535132908,1.1046268109684854
1-10,0.7245632118744525,1.1051590796119697
mean,0.7246991826938716,1.1048929452902274
min,0.7245632118744525,1.1046268109684854
