Template ID,Hit@10,Hit@5,Hit@1,NDCG@10,NDCG@5
5-5,0.16927673603956317,0.10478054811456831,0.03657531423861529,0.09157097489537325,0.07092210968938405
5-8,0.17159488975891202,0.10725324541520709,0.03827529363280445,0.0934114645627483,0.07285264387996386
mean,0.1704358128992376,0.10601689676488771,0.03742530393570987,0.09249121972906077,0.07188737678467395
max,0.17159488975891202,0.10725324541520709,0.03827529363280445,0.0934114645627483,0.07285264387996386
