Template ID,Hit@10,Hit@5,NDCG@10,NDCG@5
2-3,0.06470224603338141,0.05996290954049042,0.051780905056432944,0.05045114289310041
2-13,0.0635689264372553,0.05944776426952401,0.0510619259960024,0.04988865325703388
mean,0.06413558623531836,0.05970533690500721,0.05142141552621767,0.050169898075067144
max,0.06470224603338141,0.05996290954049042,0.051780905056432944,0.05045114289310041
