Template ID,Hit@10,Hit@5,NDCG@10,NDCG@5
2-3,0.062126519678549354,0.05723263960436843,0.04886274043500986,0.047296825355234925
2-13,0.06248712136822584,0.057438697712755,0.04936443899861794,0.04772732398985589
mean,0.062306820523387596,0.05733566865856171,0.0491135897168139,0.04751207467254541
max,0.06248712136822584,0.057438697712755,0.04936443899861794,0.04772732398985589
