Template ID,MAE,RMSE
1-6,0.7279105707809601,1.0990760970248188
1-10,0.7274410687574148,1.0982908736497412
mean,0.7276758197691875,1.09868348533728
min,0.7274410687574148,1.0982908736497412
