Template ID,Hit@10,Hit@5,Hit@1,NDCG@10,NDCG@5
5-5,0.16659798063053782,0.10271996703070266,0.034463218627652996,0.08920960749036634,0.06882807321103125
5-8,0.17417061611374407,0.10715021636101381,0.038017720997321244,0.09422255599897403,0.0727716453933861
mean,0.17038429837214095,0.10493509169585824,0.03624046981248712,0.09171608174467019,0.07079985930220867
max,0.17417061611374407,0.10715021636101381,0.038017720997321244,0.09422255599897403,0.0727716453933861
