Template ID,MAE,RMSE
1-6,0.7279105707809601,1.0990760970248188
1-10,0.7276082474226804,1.098414978010372
mean,0.7277594091018202,1.0987455375175954
min,0.7276082474226804,1.098414978010372
